variable,count,mean,std,min,25%,50%,75%,max,original
dummy1,1000.0,-1.8547036416737343e-05,0.0106955395766236,-0.0303533928207614,-0.0078813170084019,0.00011250427136065,0.0068124152447454,0.0314438271529823,-0.0084017697174159
dummy2,1000.0,-0.0001187609242220835,0.010284175937925718,-0.0317757464834355,-0.0071294032819452,0.000139269703203,0.006878358174417425,0.0328178969401695,-0.006590279438183
x1,1000.0,-0.0945022868060172,3.1038995467282566,-10.566637635178846,-2.118199086553805,-0.10190574267880789,1.8329947131034214,28.205093285277293,28.205093285277293
x2,1000.0,-0.09703803325975331,7.733335144512505,-20.53810654777776,-5.072513347408325,-0.2740435312437858,4.72467302494144,75.0500421309678,75.0500421309678
x3,1000.0,-0.0012696005642866056,1.8858210907102757,-5.0967049963222655,-1.2606640428999274,-0.03017229983236715,1.1628714729150649,17.7533580415238,17.7533580415238
